confidence_bucket,count,avg_confidence,accuracy
50-60%,647,0.5500409121196345,0.5765069551777434
60-70%,430,0.6427757042304022,0.6767441860465117
70-80%,138,0.7391693757542577,0.6956521739130435
80-90%,23,0.8233960033761285,1.0
90-100%,4,0.9612189171790315,0.75
