confidence_bucket,count,avg_confidence,accuracy
50-60%,645,0.5494243902655721,0.5410852713178295
60-70%,408,0.6437890219931799,0.6862745098039216
70-80%,158,0.7392341639763362,0.7215189873417721
80-90%,27,0.8271787051414948,0.9259259259259259
90-100%,4,0.9581351894620393,0.75
