model,accuracy,log_loss,brier
logistic_regression_numpy,0.6296296296296297,0.6476403535250776,0.22793096851993006
sklearn_logistic_regression_c_0_1,0.6320450885668277,0.6484402906341665,0.2283202220580175
sklearn_logistic_regression_c_1,0.6312399355877617,0.6494178423148049,0.22876070333628495
gradient_boosting_depth_3,0.6030595813204509,0.655125139102535,0.23160759338611533
hist_gradient_boosting,0.607085346215781,0.6555618692992591,0.23175964940396138
random_forest_depth_6,0.6078904991948471,0.6654734988005244,0.23636775467420296
